1543134989_001.png,1543134989_001_label.png
1543135019_002.png,1543135019_002_label.png
1543135033_003.png,1543135033_003_label.png
1543135045_004.png,1543135045_004_label.png
1543135057_005.png,1543135057_005_label.png
1543135066_006.png,1543135066_006_label.png
1543135087_007.png,1543135087_007_label.png
1543135095_008.png,1543135095_008_label.png
1543135097_009.png,1543135097_009_label.png
1543135110_010.png,1543135110_010_label.png
1543135118_011.png,1543135118_011_label.png
1543135127_012.png,1543135127_012_label.png
1543135137_013.png,1543135137_013_label.png
1543135148_014.png,1543135148_014_label.png
1543135156_015.png,1543135156_015_label.png
1543135164_016.png,1543135164_016_label.png
1543135186_017.png,1543135186_017_label.png
1543135208_018.png,1543135208_018_label.png
1543135209_019.png,1543135209_019_label.png
1543135218_020.png,1543135218_020_label.png
1543135250_021.png,1543135250_021_label.png
1543135258_022.png,1543135258_022_label.png
1543135270_023.png,1543135270_023_label.png
1543135293_024.png,1543135293_024_label.png
1543135302_025.png,1543135302_025_label.png
1543135303_026.png,1543135303_026_label.png
1543135314_027.png,1543135314_027_label.png
1543135325_028.png,1543135325_028_label.png
1543135332_029.png,1543135332_029_label.png
1543135340_030.png,1543135340_030_label.png
1543135354_031.png,1543135354_031_label.png
1543135355_032.png,1543135355_032_label.png
1543135356_033.png,1543135356_033_label.png
1543135374_034.png,1543135374_034_label.png
1543135382_035.png,1543135382_035_label.png
1543135393_036.png,1543135393_036_label.png
1543135403_037.png,1543135403_037_label.png
1543135410_038.png,1543135410_038_label.png
1543135421_039.png,1543135421_039_label.png
1543135423_040.png,1543135423_040_label.png
1543135436_041.png,1543135436_041_label.png
1543135455_042.png,1543135455_042_label.png
1543135465_043.png,1543135465_043_label.png
1543135476_044.png,1543135476_044_label.png
1543135485_045.png,1543135485_045_label.png
1543135496_046.png,1543135496_046_label.png
1543135506_047.png,1543135506_047_label.png
1543135519_048.png,1543135519_048_label.png
1543135530_049.png,1543135530_049_label.png
1543135543_050.png,1543135543_050_label.png
1543135556_051.png,1543135556_051_label.png
1543135577_052.png,1543135577_052_label.png
1543135589_053.png,1543135589_053_label.png
1543135601_054.png,1543135601_054_label.png
1543135615_055.png,1543135615_055_label.png
1543135616_056.png,1543135616_056_label.png
1543135628_057.png,1543135628_057_label.png
1543135641_058.png,1543135641_058_label.png
1543135670_059.png,1543135670_059_label.png
1543135683_060.png,1543135683_060_label.png
1543135696_061.png,1543135696_061_label.png
1543135710_062.png,1543135710_062_label.png
1543139571_001.png,1543139571_001_label.png
1543139583_002.png,1543139583_002_label.png
1543139592_003.png,1543139592_003_label.png
1543139605_004.png,1543139605_004_label.png
1543139621_005.png,1543139621_005_label.png
1543139631_006.png,1543139631_006_label.png
1543139657_007.png,1543139657_007_label.png
1543139668_008.png,1543139668_008_label.png
1543139681_009.png,1543139681_009_label.png
1543139699_010.png,1543139699_010_label.png
1543139712_011.png,1543139712_011_label.png
1543139724_012.png,1543139724_012_label.png
1543139738_013.png,1543139738_013_label.png
1543139755_014.png,1543139755_014_label.png
1543139767_015.png,1543139767_015_label.png
1543139781_016.png,1543139781_016_label.png
1543139792_017.png,1543139792_017_label.png
1543139793_018.png,1543139793_018_label.png
1543139804_019.png,1543139804_019_label.png
1543139813_020.png,1543139813_020_label.png
1543139816_021.png,1543139816_021_label.png
1543139843_022.png,1543139843_022_label.png
1543139853_023.png,1543139853_023_label.png
1543139864_024.png,1543139864_024_label.png
1543139878_025.png,1543139878_025_label.png
1543139889_026.png,1543139889_026_label.png
1543139904_027.png,1543139904_027_label.png
1543139918_028.png,1543139918_028_label.png
1543139933_029.png,1543139933_029_label.png
1543139949_030.png,1543139949_030_label.png
1543139962_031.png,1543139962_031_label.png
1543139976_032.png,1543139976_032_label.png
1543139979_033.png,1543139979_033_label.png
1543140006_034.png,1543140006_034_label.png
1543140020_035.png,1543140020_035_label.png
1543140041_036.png,1543140041_036_label.png
1543140053_037.png,1543140053_037_label.png
1543140065_038.png,1543140065_038_label.png
1543140086_039.png,1543140086_039_label.png
1543140121_040.png,1543140121_040_label.png
1543140133_041.png,1543140133_041_label.png
1543140148_042.png,1543140148_042_label.png
1543140194_043.png,1543140194_043_label.png
1543140209_044.png,1543140209_044_label.png
1543140229_045.png,1543140229_045_label.png
1543140259_046.png,1543140259_046_label.png
1543140272_047.png,1543140272_047_label.png
1543140289_048.png,1543140289_048_label.png
1543140303_049.png,1543140303_049_label.png
1543140333_050.png,1543140333_050_label.png
1543140349_051.png,1543140349_051_label.png
1543140369_052.png,1543140369_052_label.png
1543140387_053.png,1543140387_053_label.png
1543140400_054.png,1543140400_054_label.png
1543140414_055.png,1543140414_055_label.png
1543140426_056.png,1543140426_056_label.png
1543140455_057.png,1543140455_057_label.png
1543140472_058.png,1543140472_058_label.png
1543140485_059.png,1543140485_059_label.png
1543140487_060.png,1543140487_060_label.png
1543140499_061.png,1543140499_061_label.png
1543140500_062.png,1543140500_062_label.png
1543140509_063.png,1543140509_063_label.png
1543140523_064.png,1543140523_064_label.png
1543140540_065.png,1543140540_065_label.png
1543140848_001.png,1543140848_001_label.png
1543140858_002.png,1543140858_002_label.png
1543140886_003.png,1543140886_003_label.png
1543140922_004.png,1543140922_004_label.png
1543140936_005.png,1543140936_005_label.png
1543140943_006.png,1543140943_006_label.png
1543140955_007.png,1543140955_007_label.png
1543140965_008.png,1543140965_008_label.png
1543140979_009.png,1543140979_009_label.png
1543140991_010.png,1543140991_010_label.png
1543141005_011.png,1543141005_011_label.png
1543141016_012.png,1543141016_012_label.png
1543141028_013.png,1543141028_013_label.png
1543141050_014.png,1543141050_014_label.png
1543141052_015.png,1543141052_015_label.png
1543141066_016.png,1543141066_016_label.png
1543141082_017.png,1543141082_017_label.png
1543141097_018.png,1543141097_018_label.png
1543141113_019.png,1543141113_019_label.png
1543141115_020.png,1543141115_020_label.png
1543141126_021.png,1543141126_021_label.png
1543141140_022.png,1543141140_022_label.png
1543141187_023.png,1543141187_023_label.png
1543141197_024.png,1543141197_024_label.png
1543141207_025.png,1543141207_025_label.png
1543141220_026.png,1543141220_026_label.png
1543141233_027.png,1543141233_027_label.png
1543141245_028.png,1543141245_028_label.png
1543141264_029.png,1543141264_029_label.png
1543141280_030.png,1543141280_030_label.png
1543141303_031.png,1543141303_031_label.png
1543141317_032.png,1543141317_032_label.png
1543141333_033.png,1543141333_033_label.png
1543141345_034.png,1543141345_034_label.png
1543141356_035.png,1543141356_035_label.png
1543141389_036.png,1543141389_036_label.png
1543141410_037.png,1543141410_037_label.png
1543141432_038.png,1543141432_038_label.png
1543141451_039.png,1543141451_039_label.png
1543141464_040.png,1543141464_040_label.png
1543141475_041.png,1543141475_041_label.png
1543141487_042.png,1543141487_042_label.png
1543141501_043.png,1543141501_043_label.png
1543141519_044.png,1543141519_044_label.png
1543141531_045.png,1543141531_045_label.png
1543141553_046.png,1543141553_046_label.png
1543141570_047.png,1543141570_047_label.png
1543141651_048.png,1543141651_048_label.png
1543141664_049.png,1543141664_049_label.png
1543141682_050.png,1543141682_050_label.png
1543141694_051.png,1543141694_051_label.png
1543141707_052.png,1543141707_052_label.png
1543141720_053.png,1543141720_053_label.png
1543141735_054.png,1543141735_054_label.png
1543141763_055.png,1543141763_055_label.png
1543141775_056.png,1543141775_056_label.png
1543141786_057.png,1543141786_057_label.png
1543141850_058.png,1543141850_058_label.png
1543141863_059.png,1543141863_059_label.png
1543141876_060.png,1543141876_060_label.png
1543141886_061.png,1543141886_061_label.png
1543141899_062.png,1543141899_062_label.png
1543141913_063.png,1543141913_063_label.png
1543141934_064.png,1543141934_064_label.png
1543141953_065.png,1543141953_065_label.png
1543141969_066.png,1543141969_066_label.png
1543141981_067.png,1543141981_067_label.png
1543141993_068.png,1543141993_068_label.png
1543142008_069.png,1543142008_069_label.png
1543142019_070.png,1543142019_070_label.png
1543142035_071.png,1543142035_071_label.png
1543142061_072.png,1543142061_072_label.png
1543142072_073.png,1543142072_073_label.png
1543142081_074.png,1543142081_074_label.png
1543142095_075.png,1543142095_075_label.png
1543142105_076.png,1543142105_076_label.png
1543142127_077.png,1543142127_077_label.png
1543142163_078.png,1543142163_078_label.png
1543142171_079.png,1543142171_079_label.png
1543142184_080.png,1543142184_080_label.png
1543142213_081.png,1543142213_081_label.png
1543142232_082.png,1543142232_082_label.png
1543142272_083.png,1543142272_083_label.png
1543142282_084.png,1543142282_084_label.png
1543142298_085.png,1543142298_085_label.png
1543142330_086.png,1543142330_086_label.png
1543142357_087.png,1543142357_087_label.png
1543142373_088.png,1543142373_088_label.png
1543142409_089.png,1543142409_089_label.png
1543142423_090.png,1543142423_090_label.png
1543142434_091.png,1543142434_091_label.png
1543142456_092.png,1543142456_092_label.png
1543142475_093.png,1543142475_093_label.png
1543142581_001.png,1543142581_001_label.png
1543142595_002.png,1543142595_002_label.png
1543142609_003.png,1543142609_003_label.png
1543142610_004.png,1543142610_004_label.png
1543142618_005.png,1543142618_005_label.png
1543142630_006.png,1543142630_006_label.png
1543142633_007.png,1543142633_007_label.png
1543142634_008.png,1543142634_008_label.png
1543143676_009.png,1543143676_009_label.png
1543143690_010.png,1543143690_010_label.png
1543143704_011.png,1543143704_011_label.png
1543143717_012.png,1543143717_012_label.png
1543143729_013.png,1543143729_013_label.png
1543143739_014.png,1543143739_014_label.png
1543143770_015.png,1543143770_015_label.png
1543143778_016.png,1543143778_016_label.png
1543143796_017.png,1543143796_017_label.png
1543143810_018.png,1543143810_018_label.png
1543143833_019.png,1543143833_019_label.png
1543143848_020.png,1543143848_020_label.png
1543143864_021.png,1543143864_021_label.png
1543143874_022.png,1543143874_022_label.png
1543143881_023.png,1543143881_023_label.png
1543143893_024.png,1543143893_024_label.png
1543143922_025.png,1543143922_025_label.png
1543144015_001.png,1543144015_001_label.png
1543144027_002.png,1543144027_002_label.png
1543144036_003.png,1543144036_003_label.png
1543144037_004.png,1543144037_004_label.png
1543144047_005.png,1543144047_005_label.png
1543144064_006.png,1543144064_006_label.png
